date,home_team,away_team,goals_for,goals_against,result_fulltime,goals_for_halftime,goals_against_halftime,result_halftime,referee,shots_home,shots_away,shots_on_target_home,shots_on_target_away,fouls_home,fouls_away,corners_home,corners_away,yellows_home,yellows_away,reds_home,reds_away,goal_diff,match_id,total_fouls,total_cards,_rank_home
11/08/23,Burnley,Man City,0,3,A,0,2,A,C Pawson,6,17,1,8,11,8,6,5,0,0,1,0,-3,11/08/23_Burnley_Man City,19,1,19.0
12/08/23,Arsenal,Nott'm Forest,2,1,H,2,0,H,M Oliver,15,6,7,2,12,12,8,3,2,2,0,0,1,12/08/23_Arsenal_Nott'm Forest,24,4,2.0
12/08/23,Bournemouth,West Ham,1,1,D,0,0,D,P Bankes,14,16,5,3,9,14,10,4,1,4,0,0,0,12/08/23_Bournemouth_West Ham,23,5,13.0
12/08/23,Brighton,Luton,4,1,H,1,0,H,D Coote,27,9,12,3,11,12,6,7,2,2,0,0,3,12/08/23_Brighton_Luton,23,4,11.0
12/08/23,Everton,Fulham,0,1,A,0,0,D,S Attwell,19,9,9,2,12,6,10,4,0,2,0,0,-1,12/08/23_Everton_Fulham,18,2,12.0
12/08/23,Sheffield United,Crystal Palace,0,1,A,0,0,D,J Brooks,8,24,1,8,18,11,5,5,3,0,0,0,-1,12/08/23_Sheffield United_Crystal Palace,29,3,20.0
12/08/23,Newcastle,Aston Villa,5,1,H,2,1,H,A Madley,17,16,13,6,12,17,6,5,4,4,0,0,4,12/08/23_Newcastle_Aston Villa,29,8,7.0
13/08/23,Brentford,Tottenham,2,2,D,2,2,D,R Jones,11,18,6,6,12,13,3,6,1,4,0,0,0,13/08/23_Brentford_Tottenham,25,5,16.0
13/08/23,Chelsea,Liverpool,1,1,D,1,1,D,A Taylor,10,13,4,1,5,12,4,4,3,3,0,0,0,13/08/23_Chelsea_Liverpool,17,6,6.0
14/08/23,Man United,Wolves,1,0,H,0,0,D,S Hooper,15,23,3,6,14,10,8,7,2,3,0,0,1,14/08/23_Man United_Wolves,24,5,8.0
18/08/23,Nott'm Forest,Sheffield United,2,1,H,1,0,H,P Bankes,16,7,4,3,5,9,6,7,2,3,0,0,1,18/08/23_Nott'm Forest_Sheffield United,14,5,17.0
19/08/23,Fulham,Brentford,0,3,A,0,1,A,D Bond,10,17,2,8,13,12,5,5,2,2,1,0,-3,19/08/23_Fulham_Brentford,25,5,14.0
19/08/23,Liverpool,Bournemouth,3,1,H,2,1,H,T Bramall,26,13,10,5,11,13,10,2,1,3,1,0,2,19/08/23_Liverpool_Bournemouth,24,5,3.0
19/08/23,Wolves,Brighton,1,4,A,0,1,A,A Madley,16,16,5,8,14,11,5,3,3,6,1,0,-3,19/08/23_Wolves_Brighton,25,10,15.0
19/08/23,Tottenham,Man United,2,0,H,0,0,D,M Oliver,17,22,6,6,9,8,5,6,1,3,0,0,2,19/08/23_Tottenham_Man United,17,4,5.0
19/08/23,Man City,Newcastle,1,0,H,1,0,H,R Jones,14,7,4,1,12,11,3,0,1,5,0,0,1,19/08/23_Man City_Newcastle,23,6,1.0
20/08/23,Aston Villa,Everton,4,0,H,2,0,H,A Taylor,13,9,7,2,8,12,7,6,3,4,0,0,4,20/08/23_Aston Villa_Everton,20,7,4.0
20/08/23,West Ham,Chelsea,3,1,H,1,1,D,J Brooks,12,17,6,4,12,9,3,9,2,3,1,0,2,20/08/23_West Ham_Chelsea,21,6,9.0
21/08/23,Crystal Palace,Arsenal,0,1,A,0,0,D,D Coote,14,14,2,3,14,10,1,8,2,1,0,1,-1,21/08/23_Crystal Palace_Arsenal,24,4,10.0
25/08/23,Chelsea,Luton,3,0,H,1,0,H,R Jones,19,11,8,1,15,12,6,4,2,3,0,0,3,25/08/23_Chelsea_Luton,27,5,6.0
26/08/23,Bournemouth,Tottenham,0,2,A,0,1,A,T Robinson,11,17,3,6,18,11,6,2,1,3,0,0,-2,26/08/23_Bournemouth_Tottenham,29,4,13.0
26/08/23,Arsenal,Fulham,2,2,D,0,1,A,P Tierney,19,8,11,3,6,5,8,3,0,3,0,1,0,26/08/23_Arsenal_Fulham,11,4,2.0
26/08/23,Brentford,Crystal Palace,1,1,D,1,0,H,P Bankes,12,15,1,5,9,15,8,6,0,0,0,0,0,26/08/23_Brentford_Crystal Palace,24,0,16.0
26/08/23,Everton,Wolves,0,1,A,0,0,D,C Pawson,15,11,7,2,10,14,7,0,3,4,0,0,-1,26/08/23_Everton_Wolves,24,7,12.0
26/08/23,Man United,Nott'm Forest,3,2,H,1,2,A,S Attwell,18,9,9,4,13,11,11,3,4,4,0,1,1,26/08/23_Man United_Nott'm Forest,24,9,8.0
26/08/23,Brighton,West Ham,1,3,A,0,1,A,A Taylor,25,12,10,3,10,9,17,4,1,3,0,0,-2,26/08/23_Brighton_West Ham,19,4,11.0
27/08/23,Burnley,Aston Villa,1,3,A,0,2,A,M Salisbury,9,16,2,6,12,11,4,6,2,0,0,0,-2,27/08/23_Burnley_Aston Villa,23,2,19.0
27/08/23,Sheffield United,Man City,1,2,A,0,0,D,J Gillett,6,30,2,9,11,2,1,12,3,0,0,0,-1,27/08/23_Sheffield United_Man City,13,3,20.0
27/08/23,Newcastle,Liverpool,1,2,A,1,0,H,J Brooks,23,9,8,4,16,10,5,9,1,2,0,1,-1,27/08/23_Newcastle_Liverpool,26,4,7.0
01/09/23,Luton,West Ham,1,2,A,0,1,A,P Tierney,16,9,1,3,8,13,9,6,1,1,0,0,-1,01/09/23_Luton_West Ham,21,2,18.0
02/09/23,Sheffield United,Everton,2,2,D,2,1,H,A Madley,13,16,8,6,11,13,4,6,1,2,0,0,0,02/09/23_Sheffield United_Everton,24,3,20.0
02/09/23,Brentford,Bournemouth,2,2,D,1,1,D,R Madley,21,12,7,5,6,13,5,2,1,2,0,0,0,02/09/23_Brentford_Bournemouth,19,3,16.0
02/09/23,Burnley,Tottenham,2,5,A,1,2,A,D England,16,20,4,10,15,9,7,4,4,3,0,0,-3,02/09/23_Burnley_Tottenham,24,7,19.0
02/09/23,Chelsea,Nott'm Forest,0,1,A,0,0,D,T Robinson,21,7,2,3,10,9,8,0,3,4,0,0,-1,02/09/23_Chelsea_Nott'm Forest,19,7,6.0
02/09/23,Man City,Fulham,5,1,H,2,1,H,M Oliver,7,6,5,4,12,12,4,5,2,4,0,0,4,02/09/23_Man City_Fulham,24,6,1.0
02/09/23,Brighton,Newcastle,3,1,H,1,0,H,S Attwell,15,9,6,2,14,17,5,3,4,4,0,0,2,02/09/23_Brighton_Newcastle,31,8,11.0
03/09/23,Crystal Palace,Wolves,3,2,H,0,0,D,R Jones,16,12,11,4,12,12,4,2,1,3,0,0,1,03/09/23_Crystal Palace_Wolves,24,4,10.0
03/09/23,Liverpool,Aston Villa,3,0,H,2,0,H,S Hooper,17,9,4,3,12,7,7,3,0,1,0,0,3,03/09/23_Liverpool_Aston Villa,19,1,3.0
03/09/23,Arsenal,Man United,3,1,H,1,1,D,A Taylor,17,10,5,2,8,7,12,3,2,3,0,0,2,03/09/23_Arsenal_Man United,15,5,2.0
16/09/23,Wolves,Liverpool,1,3,A,1,0,H,M Oliver,11,16,2,6,10,4,4,4,1,3,0,0,-2,16/09/23_Wolves_Liverpool,14,4,15.0
16/09/23,Aston Villa,Crystal Palace,3,1,H,0,0,D,D England,16,6,5,3,13,9,4,2,5,3,0,0,2,16/09/23_Aston Villa_Crystal Palace,22,8,4.0
16/09/23,Fulham,Luton,1,0,H,0,0,D,M Salisbury,13,7,2,2,6,14,6,2,2,2,0,0,1,16/09/23_Fulham_Luton,20,4,14.0
16/09/23,Man United,Brighton,1,3,A,0,1,A,J Gillett,14,10,4,8,8,9,8,1,2,2,0,0,-2,16/09/23_Man United_Brighton,17,4,8.0
16/09/23,Tottenham,Sheffield United,2,1,H,0,0,D,P Bankes,28,7,10,5,13,14,15,2,6,5,0,1,1,16/09/23_Tottenham_Sheffield United,27,12,5.0
16/09/23,West Ham,Man City,1,3,A,1,0,H,A Madley,6,29,3,15,7,11,4,11,3,2,0,0,-2,16/09/23_West Ham_Man City,18,5,9.0
16/09/23,Newcastle,Brentford,1,0,H,0,0,D,C Pawson,9,11,2,2,8,12,8,3,3,5,0,0,1,16/09/23_Newcastle_Brentford,20,8,7.0
17/09/23,Bournemouth,Chelsea,0,0,D,0,0,D,D Coote,13,14,4,6,15,20,1,7,1,5,0,0,0,17/09/23_Bournemouth_Chelsea,35,6,13.0
17/09/23,Everton,Arsenal,0,1,A,0,0,D,S Hooper,8,13,1,4,12,10,1,11,1,1,0,0,-1,17/09/23_Everton_Arsenal,22,2,12.0
18/09/23,Nott'm Forest,Burnley,1,1,D,0,1,A,R Jones,14,10,4,3,16,10,5,4,2,3,0,1,0,18/09/23_Nott'm Forest_Burnley,26,6,17.0
23/09/23,Crystal Palace,Fulham,0,0,D,0,0,D,P Tierney,7,10,3,5,10,15,3,2,3,2,0,0,0,23/09/23_Crystal Palace_Fulham,25,5,10.0
23/09/23,Luton,Wolves,1,1,D,0,0,D,J Smith,20,3,4,3,12,17,10,1,0,2,0,1,0,23/09/23_Luton_Wolves,29,3,18.0
23/09/23,Man City,Nott'm Forest,2,0,H,2,0,H,A Taylor,7,10,4,3,5,17,6,6,3,7,1,0,2,23/09/23_Man City_Nott'm Forest,22,11,1.0
23/09/23,Brentford,Everton,1,3,A,1,1,D,M Oliver,12,18,2,6,9,12,1,4,2,2,0,0,-2,23/09/23_Brentford_Everton,21,4,16.0
23/09/23,Burnley,Man United,0,1,A,0,1,A,T Harrington,12,11,4,4,6,12,9,5,1,2,0,0,-1,23/09/23_Burnley_Man United,18,3,19.0
24/09/23,Arsenal,Tottenham,2,2,D,1,1,D,R Jones,13,13,6,5,12,19,11,4,3,4,0,0,0,24/09/23_Arsenal_Tottenham,31,7,2.0
24/09/23,Brighton,Bournemouth,3,1,H,1,1,D,J Brooks,13,12,4,4,12,17,4,4,3,3,0,0,2,24/09/23_Brighton_Bournemouth,29,6,11.0
24/09/23,Chelsea,Aston Villa,0,1,A,0,0,D,J Gillett,10,15,4,7,9,11,5,11,2,3,0,0,-1,24/09/23_Chelsea_Aston Villa,20,5,6.0
24/09/23,Liverpool,West Ham,3,1,H,1,1,D,C Kavanagh,22,11,7,4,12,13,7,4,0,2,0,0,2,24/09/23_Liverpool_West Ham,25,2,3.0
24/09/23,Sheffield United,Newcastle,0,8,A,0,3,A,S Attwell,9,22,1,15,12,8,2,6,3,0,0,0,-8,24/09/23_Sheffield United_Newcastle,20,3,20.0
30/09/23,Aston Villa,Brighton,6,1,H,3,0,H,A Madley,19,11,9,3,19,21,1,3,4,4,0,0,5,30/09/23_Aston Villa_Brighton,40,8,4.0
30/09/23,Bournemouth,Arsenal,0,4,A,0,2,A,M Salisbury,8,15,1,8,11,10,6,6,0,1,0,0,-4,30/09/23_Bournemouth_Arsenal,21,1,13.0
30/09/23,Everton,Luton,1,2,A,1,2,A,A Taylor,23,9,5,2,8,10,3,6,0,1,0,0,-1,30/09/23_Everton_Luton,18,1,12.0
30/09/23,Man United,Crystal Palace,0,1,A,0,1,A,C Kavanagh,19,8,4,2,10,8,10,4,3,2,0,0,-1,30/09/23_Man United_Crystal Palace,18,5,8.0
30/09/23,Newcastle,Burnley,2,0,H,1,0,H,T Bramall,20,8,8,2,7,15,5,3,1,3,0,0,2,30/09/23_Newcastle_Burnley,22,4,7.0
30/09/23,West Ham,Sheffield United,2,0,H,2,0,H,G Scott,20,16,9,2,6,9,7,4,1,1,0,0,2,30/09/23_West Ham_Sheffield United,15,2,9.0
30/09/23,Wolves,Man City,2,1,H,1,0,H,C Pawson,3,23,1,8,18,12,0,6,5,4,0,0,1,30/09/23_Wolves_Man City,30,9,15.0
30/09/23,Tottenham,Liverpool,2,1,H,1,1,D,S Hooper,24,12,8,4,11,17,12,5,5,4,0,2,1,30/09/23_Tottenham_Liverpool,28,11,5.0
01/10/23,Nott'm Forest,Brentford,1,1,D,0,0,D,P Tierney,6,18,1,5,6,10,1,11,1,2,1,0,0,01/10/23_Nott'm Forest_Brentford,16,4,17.0
02/10/23,Fulham,Chelsea,0,2,A,0,2,A,T Robinson,10,11,3,4,15,12,8,1,1,4,0,0,-2,02/10/23_Fulham_Chelsea,27,5,14.0
03/10/23,Luton,Burnley,1,2,A,0,1,A,P Bankes,18,14,3,4,14,6,7,6,4,2,0,0,-1,03/10/23_Luton_Burnley,20,6,18.0
07/10/23,Luton,Tottenham,0,1,A,0,0,D,J Brooks,12,15,2,4,16,7,5,6,2,1,0,1,-1,07/10/23_Luton_Tottenham,23,4,18.0
07/10/23,Burnley,Chelsea,1,4,A,1,1,D,S Attwell,10,9,3,5,11,8,7,3,2,4,0,0,-3,07/10/23_Burnley_Chelsea,19,6,19.0
07/10/23,Everton,Bournemouth,3,0,H,2,0,H,D Coote,25,11,8,4,14,15,8,7,1,2,0,0,3,07/10/23_Everton_Bournemouth,29,3,12.0
07/10/23,Fulham,Sheffield United,3,1,H,0,0,D,S Barrott,20,5,6,2,8,10,9,4,1,2,0,0,2,07/10/23_Fulham_Sheffield United,18,3,14.0
07/10/23,Man United,Brentford,2,1,H,0,1,A,A Madley,21,11,8,3,10,17,7,5,0,5,0,0,1,07/10/23_Man United_Brentford,27,5,8.0
07/10/23,Crystal Palace,Nott'm Forest,0,0,D,0,0,D,C Pawson,8,16,2,5,7,12,3,7,0,1,0,0,0,07/10/23_Crystal Palace_Nott'm Forest,19,1,10.0
08/10/23,Brighton,Liverpool,2,2,D,1,2,A,A Taylor,14,14,3,4,12,20,8,1,1,2,0,0,0,08/10/23_Brighton_Liverpool,32,3,11.0
08/10/23,West Ham,Newcastle,2,2,D,1,0,H,P Bankes,5,10,3,3,11,18,4,2,3,3,0,0,0,08/10/23_West Ham_Newcastle,29,6,9.0
08/10/23,Wolves,Aston Villa,1,1,D,0,0,D,R Jones,8,18,3,4,19,9,2,10,2,2,1,0,0,08/10/23_Wolves_Aston Villa,28,5,15.0
08/10/23,Arsenal,Man City,1,0,H,0,0,D,M Oliver,12,4,2,1,8,7,5,4,2,3,0,0,1,08/10/23_Arsenal_Man City,15,5,2.0
21/10/23,Liverpool,Everton,2,0,H,0,0,D,C Pawson,26,6,6,1,9,9,12,4,1,1,0,1,2,21/10/23_Liverpool_Everton,18,3,3.0
21/10/23,Bournemouth,Wolves,1,2,A,1,0,H,P Tierney,7,20,4,7,15,10,3,12,2,6,1,0,-1,21/10/23_Bournemouth_Wolves,25,9,13.0
21/10/23,Brentford,Burnley,3,0,H,1,0,H,J Smith,23,6,10,1,14,12,5,5,5,2,0,1,3,21/10/23_Brentford_Burnley,26,8,16.0
21/10/23,Man City,Brighton,2,1,H,2,0,H,R Jones,10,5,6,3,9,11,2,2,2,2,1,0,1,21/10/23_Man City_Brighton,20,5,1.0
21/10/23,Newcastle,Crystal Palace,4,0,H,3,0,H,T Robinson,10,17,7,3,7,12,6,8,2,3,0,0,4,21/10/23_Newcastle_Crystal Palace,19,5,7.0
21/10/23,Nott'm Forest,Luton,2,2,D,0,0,D,S Barrott,19,13,8,4,12,11,4,2,3,0,0,0,0,21/10/23_Nott'm Forest_Luton,23,3,17.0
21/10/23,Chelsea,Arsenal,2,2,D,1,0,H,C Kavanagh,11,13,5,3,7,14,2,7,3,3,0,0,0,21/10/23_Chelsea_Arsenal,21,6,6.0
21/10/23,Sheffield United,Man United,1,2,A,1,1,D,M Oliver,12,14,6,5,12,10,5,4,3,1,0,0,-1,21/10/23_Sheffield United_Man United,22,4,20.0
22/10/23,Aston Villa,West Ham,4,1,H,1,0,H,D Coote,15,14,7,4,9,15,8,7,0,1,0,0,3,22/10/23_Aston Villa_West Ham,24,1,4.0
23/10/23,Tottenham,Fulham,2,0,H,1,0,H,A Taylor,15,10,5,3,10,14,3,5,2,0,0,0,2,23/10/23_Tottenham_Fulham,24,2,5.0
27/10/23,Crystal Palace,Tottenham,1,2,A,0,0,D,A Madley,13,10,3,1,19,11,11,2,2,1,0,0,-1,27/10/23_Crystal Palace_Tottenham,30,3,10.0
28/10/23,Chelsea,Brentford,0,2,A,0,0,D,S Hooper,17,7,2,5,12,7,10,1,1,4,0,0,-2,28/10/23_Chelsea_Brentford,19,5,6.0
28/10/23,Arsenal,Sheffield United,5,0,H,1,0,H,T Robinson,13,2,8,0,9,13,6,1,0,3,0,0,5,28/10/23_Arsenal_Sheffield United,22,3,2.0
28/10/23,Bournemouth,Burnley,2,1,H,1,1,D,S Barrott,13,6,6,3,9,12,10,5,2,3,0,0,1,28/10/23_Bournemouth_Burnley,21,5,13.0
28/10/23,Wolves,Newcastle,2,2,D,1,2,A,A Taylor,11,13,6,5,13,15,8,7,1,4,0,0,0,28/10/23_Wolves_Newcastle,28,5,15.0
29/10/23,West Ham,Everton,0,1,A,0,0,D,S Attwell,12,10,2,4,7,11,4,3,4,1,0,0,-1,29/10/23_West Ham_Everton,18,5,9.0
29/10/23,Aston Villa,Luton,3,1,H,1,0,H,J Brooks,17,7,6,1,11,10,6,4,3,2,0,0,2,29/10/23_Aston Villa_Luton,21,5,4.0
29/10/23,Brighton,Fulham,1,1,D,1,0,H,M Salisbury,18,10,7,5,12,8,7,3,0,3,0,0,0,29/10/23_Brighton_Fulham,20,3,11.0
29/10/23,Liverpool,Nott'm Forest,3,0,H,2,0,H,C Kavanagh,21,9,8,1,9,13,8,3,2,3,0,0,3,29/10/23_Liverpool_Nott'm Forest,22,5,3.0
29/10/23,Man United,Man City,0,3,A,0,1,A,P Tierney,7,21,3,10,9,4,7,12,4,1,0,0,-3,29/10/23_Man United_Man City,13,5,8.0
04/11/23,Fulham,Man United,0,1,A,0,0,D,J Brooks,18,12,3,5,9,15,9,4,5,2,0,0,-1,04/11/23_Fulham_Man United,24,7,14.0
04/11/23,Brentford,West Ham,3,2,H,1,2,A,T Bramall,16,12,4,2,12,14,4,3,1,4,0,0,1,04/11/23_Brentford_West Ham,26,5,16.0
04/11/23,Burnley,Crystal Palace,0,2,A,0,1,A,P Bankes,17,4,5,3,9,12,12,1,0,5,0,0,-2,04/11/23_Burnley_Crystal Palace,21,5,19.0
04/11/23,Everton,Brighton,1,1,D,1,0,H,T Robinson,10,7,4,2,15,5,3,3,4,2,0,0,0,04/11/23_Everton_Brighton,20,6,12.0
04/11/23,Man City,Bournemouth,6,1,H,3,0,H,C Pawson,21,5,8,1,8,9,12,1,0,1,0,0,5,04/11/23_Man City_Bournemouth,17,1,1.0
04/11/23,Sheffield United,Wolves,2,1,H,0,0,D,R Jones,11,10,2,3,13,10,4,4,2,3,0,0,1,04/11/23_Sheffield United_Wolves,23,5,20.0
04/11/23,Newcastle,Arsenal,1,0,H,0,0,D,S Attwell,9,14,2,1,14,9,0,11,5,1,0,0,1,04/11/23_Newcastle_Arsenal,23,6,7.0
05/11/23,Nott'm Forest,Aston Villa,2,0,H,1,0,H,J Gillett,5,13,3,3,6,9,0,10,1,1,0,0,2,05/11/23_Nott'm Forest_Aston Villa,15,2,17.0
05/11/23,Luton,Liverpool,1,1,D,0,0,D,A Madley,8,24,5,6,7,13,4,7,1,1,0,0,0,05/11/23_Luton_Liverpool,20,2,18.0
06/11/23,Tottenham,Chelsea,1,4,A,1,1,D,M Oliver,8,17,5,8,12,21,1,6,1,5,2,0,-3,06/11/23_Tottenham_Chelsea,33,8,5.0
11/11/23,Wolves,Tottenham,2,1,H,0,1,A,T Robinson,17,6,4,2,19,15,11,3,4,3,0,0,1,11/11/23_Wolves_Tottenham,34,7,15.0
11/11/23,Arsenal,Burnley,3,1,H,1,0,H,M Oliver,16,8,6,5,8,9,3,3,0,1,1,0,2,11/11/23_Arsenal_Burnley,17,2,2.0
11/11/23,Crystal Palace,Everton,2,3,A,1,1,D,S Barrott,13,8,4,4,9,18,9,2,1,4,0,0,-1,11/11/23_Crystal Palace_Everton,27,5,10.0
11/11/23,Man United,Luton,1,0,H,0,0,D,G Scott,15,10,4,4,9,11,11,3,0,2,0,0,1,11/11/23_Man United_Luton,20,2,8.0
11/11/23,Bournemouth,Newcastle,2,0,H,0,0,D,C Kavanagh,19,8,10,5,10,4,6,5,2,1,0,0,2,11/11/23_Bournemouth_Newcastle,14,3,13.0
12/11/23,Aston Villa,Fulham,3,1,H,2,0,H,S Hooper,12,9,6,5,4,17,2,2,2,5,0,0,2,12/11/23_Aston Villa_Fulham,21,7,4.0
12/11/23,Brighton,Sheffield United,1,1,D,1,0,H,J Brooks,11,9,6,1,13,16,6,3,3,2,1,0,0,12/11/23_Brighton_Sheffield United,29,6,11.0
12/11/23,Liverpool,Brentford,3,0,H,1,0,H,P Tierney,17,16,10,3,16,12,6,8,1,2,0,0,3,12/11/23_Liverpool_Brentford,28,3,3.0
12/11/23,West Ham,Nott'm Forest,3,2,H,1,1,D,M Salisbury,16,10,6,5,9,12,9,4,2,2,0,0,1,12/11/23_West Ham_Nott'm Forest,21,4,9.0
12/11/23,Chelsea,Man City,4,4,D,2,2,D,A Taylor,17,15,9,10,12,15,3,3,5,3,0,0,0,12/11/23_Chelsea_Man City,27,8,6.0
25/11/23,Man City,Liverpool,1,1,D,1,0,H,C Kavanagh,16,8,5,3,9,11,9,6,1,3,0,0,0,25/11/23_Man City_Liverpool,20,4,1.0
25/11/23,Burnley,West Ham,1,2,A,0,0,D,S Barrott,11,11,5,3,11,7,4,5,1,3,0,0,-1,25/11/23_Burnley_West Ham,18,4,19.0
25/11/23,Luton,Crystal Palace,2,1,H,0,0,D,J Gillett,8,16,3,8,15,12,4,5,6,1,0,0,1,25/11/23_Luton_Crystal Palace,27,7,18.0
25/11/23,Newcastle,Chelsea,4,1,H,1,1,D,S Hooper,14,7,5,4,13,19,4,2,4,4,0,1,3,25/11/23_Newcastle_Chelsea,32,9,7.0
25/11/23,Nott'm Forest,Brighton,2,3,A,1,2,A,A Taylor,18,11,5,5,12,7,6,4,2,4,0,1,-1,25/11/23_Nott'm Forest_Brighton,19,7,17.0
25/11/23,Sheffield United,Bournemouth,1,3,A,0,2,A,A Madley,10,23,2,11,6,8,4,7,4,1,0,0,-2,25/11/23_Sheffield United_Bournemouth,14,5,20.0
25/11/23,Brentford,Arsenal,0,1,A,0,0,D,T Robinson,9,15,3,4,9,7,1,8,1,1,0,0,-1,25/11/23_Brentford_Arsenal,16,2,16.0
26/11/23,Tottenham,Aston Villa,1,2,A,1,1,D,R Jones,18,15,8,5,11,13,9,3,0,4,0,0,-1,26/11/23_Tottenham_Aston Villa,24,4,5.0
26/11/23,Everton,Man United,0,3,A,0,1,A,J Brooks,24,9,6,4,10,8,6,5,3,0,0,0,-3,26/11/23_Everton_Man United,18,3,12.0
27/11/23,Fulham,Wolves,3,2,H,1,1,D,M Salisbury,12,10,6,6,13,13,6,2,2,2,0,0,1,27/11/23_Fulham_Wolves,26,4,14.0
02/12/23,Arsenal,Wolves,2,1,H,2,0,H,P Bankes,19,6,6,3,10,10,4,0,1,2,0,0,1,02/12/23_Arsenal_Wolves,20,3,2.0
02/12/23,Brentford,Luton,3,1,H,0,0,D,A Taylor,27,7,6,1,10,8,7,5,1,2,0,0,2,02/12/23_Brentford_Luton,18,3,16.0
02/12/23,Burnley,Sheffield United,5,0,H,2,0,H,C Kavanagh,19,6,7,3,9,12,6,1,2,5,0,1,5,02/12/23_Burnley_Sheffield United,21,8,19.0
02/12/23,Nott'm Forest,Everton,0,1,A,0,0,D,P Tierney,13,12,2,3,15,14,4,3,1,0,0,0,-1,02/12/23_Nott'm Forest_Everton,29,1,17.0
02/12/23,Newcastle,Man United,1,0,H,0,0,D,R Jones,22,8,4,1,6,13,7,3,1,2,0,0,1,02/12/23_Newcastle_Man United,19,3,7.0
03/12/23,Bournemouth,Aston Villa,2,2,D,1,1,D,T Bramall,15,11,7,3,16,12,7,7,5,3,0,0,0,03/12/23_Bournemouth_Aston Villa,28,8,13.0
03/12/23,Chelsea,Brighton,3,2,H,2,1,H,C Pawson,8,18,5,9,16,12,5,8,3,5,1,0,1,03/12/23_Chelsea_Brighton,28,9,6.0
03/12/23,Liverpool,Fulham,4,3,H,2,2,D,S Attwell,26,9,12,5,6,7,3,4,0,0,0,0,1,03/12/23_Liverpool_Fulham,13,0,3.0
03/12/23,West Ham,Crystal Palace,1,1,D,1,0,H,M Oliver,9,9,3,2,17,7,2,3,2,0,0,0,0,03/12/23_West Ham_Crystal Palace,24,2,9.0
03/12/23,Man City,Tottenham,3,3,D,2,1,H,S Hooper,18,8,4,4,14,14,10,8,4,4,0,0,0,03/12/23_Man City_Tottenham,28,8,1.0
05/12/23,Wolves,Burnley,1,0,H,1,0,H,J Gillett,7,12,4,3,11,15,6,8,2,4,0,0,1,05/12/23_Wolves_Burnley,26,6,15.0
05/12/23,Luton,Arsenal,3,4,A,1,2,A,S Barrott,6,23,4,9,14,7,3,8,2,1,0,0,-1,05/12/23_Luton_Arsenal,21,3,18.0
06/12/23,Brighton,Brentford,2,1,H,1,1,D,P Bankes,18,8,7,2,10,8,7,3,3,1,0,0,1,06/12/23_Brighton_Brentford,18,4,11.0
06/12/23,Crystal Palace,Bournemouth,0,2,A,0,1,A,C Pawson,16,11,3,4,10,17,3,9,1,3,0,0,-2,06/12/23_Crystal Palace_Bournemouth,27,4,10.0
06/12/23,Fulham,Nott'm Forest,5,0,H,2,0,H,J Smith,14,4,6,1,7,10,6,1,0,1,0,0,5,06/12/23_Fulham_Nott'm Forest,17,1,14.0
06/12/23,Sheffield United,Liverpool,0,2,A,0,1,A,S Hooper,6,15,1,8,12,8,2,12,2,3,0,0,-2,06/12/23_Sheffield United_Liverpool,20,5,20.0
06/12/23,Aston Villa,Man City,1,0,H,0,0,D,J Brooks,22,2,7,2,13,13,6,0,2,2,0,0,1,06/12/23_Aston Villa_Man City,26,4,4.0
06/12/23,Man United,Chelsea,2,1,H,1,1,D,C Kavanagh,28,13,9,3,12,12,12,4,4,0,0,0,1,06/12/23_Man United_Chelsea,24,4,8.0
07/12/23,Everton,Newcastle,3,0,H,0,0,D,T Robinson,21,13,6,3,18,8,5,2,3,0,0,0,3,07/12/23_Everton_Newcastle,26,3,12.0
07/12/23,Tottenham,West Ham,1,2,A,1,0,H,M Salisbury,23,11,7,5,11,12,8,4,3,3,0,0,-1,07/12/23_Tottenham_West Ham,23,6,5.0
09/12/23,Crystal Palace,Liverpool,1,2,A,0,0,D,A Madley,8,14,4,2,17,17,6,5,5,2,1,0,-1,09/12/23_Crystal Palace_Liverpool,34,8,10.0
09/12/23,Brighton,Burnley,1,1,D,0,1,A,S Hooper,29,6,11,3,5,8,9,1,0,4,0,0,0,09/12/23_Brighton_Burnley,13,4,11.0
09/12/23,Man United,Bournemouth,0,3,A,0,1,A,P Bankes,20,10,3,4,7,10,10,4,3,1,0,0,-3,09/12/23_Man United_Bournemouth,17,4,8.0
09/12/23,Sheffield United,Brentford,1,0,H,1,0,H,S Attwell,9,10,4,4,14,13,3,4,5,1,0,0,1,09/12/23_Sheffield United_Brentford,27,6,20.0
09/12/23,Wolves,Nott'm Forest,1,1,D,1,1,D,S Barrott,10,8,4,2,9,11,4,3,0,1,0,0,0,09/12/23_Wolves_Nott'm Forest,20,1,15.0
09/12/23,Aston Villa,Arsenal,1,0,H,1,0,H,J Gillett,10,12,3,5,16,11,3,3,4,2,0,0,1,09/12/23_Aston Villa_Arsenal,27,6,4.0
10/12/23,Everton,Chelsea,2,0,H,0,0,D,M Oliver,9,16,5,4,12,12,4,8,2,2,0,0,2,10/12/23_Everton_Chelsea,24,4,12.0
10/12/23,Fulham,West Ham,5,0,H,3,0,H,P Tierney,14,9,8,5,5,10,3,6,2,1,0,0,5,10/12/23_Fulham_West Ham,15,3,14.0
10/12/23,Luton,Man City,1,2,A,1,0,H,T Robinson,4,18,2,6,16,6,6,3,2,1,0,0,-1,10/12/23_Luton_Man City,22,3,18.0
10/12/23,Tottenham,Newcastle,4,1,H,2,0,H,C Kavanagh,23,9,12,3,10,12,3,6,1,3,0,0,3,10/12/23_Tottenham_Newcastle,22,4,5.0
15/12/23,Nott'm Forest,Tottenham,0,2,A,0,1,A,J Gillett,15,12,1,6,16,11,6,4,2,4,0,1,-2,15/12/23_Nott'm Forest_Tottenham,27,7,17.0
16/12/23,Chelsea,Sheffield United,2,0,H,0,0,D,A Madley,15,6,6,1,9,14,7,6,1,3,0,0,2,16/12/23_Chelsea_Sheffield United,23,4,6.0
16/12/23,Man City,Crystal Palace,2,2,D,1,0,H,P Tierney,19,5,9,2,12,9,6,1,1,1,0,0,0,16/12/23_Man City_Crystal Palace,21,2,1.0
16/12/23,Newcastle,Fulham,3,0,H,0,0,D,S Barrott,27,6,10,4,7,12,5,1,0,2,0,1,3,16/12/23_Newcastle_Fulham,19,3,7.0
16/12/23,Burnley,Everton,0,2,A,0,2,A,A Taylor,14,9,2,6,9,8,8,6,0,1,0,0,-2,16/12/23_Burnley_Everton,17,1,19.0
17/12/23,Arsenal,Brighton,2,0,H,0,0,D,T Robinson,26,6,9,1,11,9,10,1,1,3,0,0,2,17/12/23_Arsenal_Brighton,20,4,2.0
17/12/23,Brentford,Aston Villa,1,2,A,1,0,H,D Coote,4,15,3,5,19,6,7,12,6,4,1,1,-1,17/12/23_Brentford_Aston Villa,25,12,16.0
17/12/23,West Ham,Wolves,3,0,H,2,0,H,C Kavanagh,13,14,4,3,12,15,6,6,3,1,0,0,3,17/12/23_West Ham_Wolves,27,4,9.0
17/12/23,Liverpool,Man United,0,0,D,0,0,D,M Oliver,34,6,8,1,13,8,12,0,2,4,0,1,0,17/12/23_Liverpool_Man United,21,7,3.0
21/12/23,Crystal Palace,Brighton,1,1,D,1,0,H,J Brooks,11,18,3,6,12,11,3,1,5,2,0,0,0,21/12/23_Crystal Palace_Brighton,23,7,10.0
22/12/23,Aston Villa,Sheffield United,1,1,D,0,0,D,A Taylor,12,5,4,2,11,16,9,1,3,3,0,0,0,22/12/23_Aston Villa_Sheffield United,27,6,4.0
23/12/23,West Ham,Man United,2,0,H,0,0,D,S Hooper,12,11,5,3,13,15,4,4,2,3,0,0,2,23/12/23_West Ham_Man United,28,5,9.0
23/12/23,Fulham,Burnley,0,2,A,0,0,D,R Welch,19,7,5,2,5,17,8,6,2,1,0,0,-2,23/12/23_Fulham_Burnley,22,3,14.0
23/12/23,Luton,Newcastle,1,0,H,1,0,H,D England,16,15,5,2,11,5,6,7,2,1,0,0,1,23/12/23_Luton_Newcastle,16,3,18.0
23/12/23,Nott'm Forest,Bournemouth,2,3,A,0,0,D,R Jones,11,18,5,7,10,10,6,6,0,3,1,0,-1,23/12/23_Nott'm Forest_Bournemouth,20,4,17.0
23/12/23,Tottenham,Everton,2,1,H,2,0,H,S Attwell,13,18,6,8,6,18,3,8,1,4,0,0,1,23/12/23_Tottenham_Everton,24,5,5.0
23/12/23,Liverpool,Arsenal,1,1,D,1,1,D,C Kavanagh,13,13,3,2,13,14,4,5,2,5,0,0,0,23/12/23_Liverpool_Arsenal,27,7,3.0
24/12/23,Wolves,Chelsea,2,1,H,0,0,D,D Coote,14,16,6,5,11,9,10,6,3,5,0,0,1,24/12/23_Wolves_Chelsea,20,8,15.0
26/12/23,Newcastle,Nott'm Forest,1,3,A,1,1,D,C Kavanagh,19,15,7,6,10,11,10,2,3,3,0,0,-2,26/12/23_Newcastle_Nott'm Forest,21,6,7.0
26/12/23,Bournemouth,Fulham,3,0,H,1,0,H,T Robinson,16,8,4,3,10,10,6,5,0,2,0,0,3,26/12/23_Bournemouth_Fulham,20,2,13.0
26/12/23,Sheffield United,Luton,2,3,A,0,1,A,S Allison,21,12,6,4,13,13,9,4,5,0,0,0,-1,26/12/23_Sheffield United_Luton,26,5,20.0
26/12/23,Burnley,Liverpool,0,2,A,0,1,A,P Tierney,9,19,0,10,7,10,4,4,2,1,0,0,-2,26/12/23_Burnley_Liverpool,17,3,19.0
26/12/23,Man United,Aston Villa,3,2,H,0,2,A,C Pawson,13,10,7,4,10,10,3,6,1,3,0,0,1,26/12/23_Man United_Aston Villa,20,4,8.0
27/12/23,Brentford,Wolves,1,4,A,1,3,A,A Madley,14,11,4,5,5,14,8,2,1,1,0,0,-3,27/12/23_Brentford_Wolves,19,2,16.0
27/12/23,Chelsea,Crystal Palace,2,1,H,1,1,D,M Salisbury,9,13,4,5,13,16,4,3,3,2,0,0,1,27/12/23_Chelsea_Crystal Palace,29,5,6.0
27/12/23,Everton,Man City,1,3,A,1,0,H,J Brooks,7,23,2,9,13,5,8,4,4,2,0,0,-2,27/12/23_Everton_Man City,18,6,12.0
28/12/23,Brighton,Tottenham,4,2,H,2,0,H,J Gillett,15,19,9,3,18,6,7,6,3,2,0,0,2,28/12/23_Brighton_Tottenham,24,5,11.0
28/12/23,Arsenal,West Ham,0,2,A,0,1,A,M Oliver,30,6,8,3,8,8,10,3,2,0,0,0,-2,28/12/23_Arsenal_West Ham,16,2,2.0
30/12/23,Luton,Chelsea,2,3,A,0,2,A,P Tierney,15,12,6,8,14,21,7,2,2,2,0,0,-1,30/12/23_Luton_Chelsea,35,4,18.0
30/12/23,Aston Villa,Burnley,3,2,H,2,1,H,S Attwell,19,9,7,5,9,14,6,2,4,1,0,1,1,30/12/23_Aston Villa_Burnley,23,6,4.0
30/12/23,Crystal Palace,Brentford,3,1,H,2,1,H,R Jones,13,9,6,4,14,10,7,4,0,1,0,0,2,30/12/23_Crystal Palace_Brentford,24,1,10.0
30/12/23,Man City,Sheffield United,2,0,H,1,0,H,D Coote,18,4,4,2,5,6,12,2,1,1,0,0,2,30/12/23_Man City_Sheffield United,11,2,1.0
30/12/23,Wolves,Everton,3,0,H,1,0,H,T Bramall,12,10,6,0,9,14,5,2,2,3,0,0,3,30/12/23_Wolves_Everton,23,5,15.0
30/12/23,Nott'm Forest,Man United,2,1,H,0,0,D,T Robinson,8,10,2,5,9,11,4,5,2,4,0,0,1,30/12/23_Nott'm Forest_Man United,20,6,17.0
31/12/23,Fulham,Arsenal,2,1,H,1,1,D,J Smith,15,13,4,3,11,10,5,4,4,1,0,0,1,31/12/23_Fulham_Arsenal,21,5,14.0
31/12/23,Tottenham,Bournemouth,3,1,H,1,0,H,S Hooper,12,24,6,4,9,18,4,13,3,3,0,0,2,31/12/23_Tottenham_Bournemouth,27,6,5.0
01/01/24,Liverpool,Newcastle,4,2,H,0,0,D,A Taylor,34,5,15,3,16,15,7,3,3,5,0,0,2,01/01/24_Liverpool_Newcastle,31,8,3.0
02/01/24,West Ham,Brighton,0,0,D,0,0,D,S Barrott,6,22,2,8,4,6,2,0,1,0,0,0,0,02/01/24_West Ham_Brighton,10,1,9.0
12/01/24,Burnley,Luton,1,1,D,1,0,H,T Harrington,13,14,7,5,7,12,2,8,1,0,0,0,0,12/01/24_Burnley_Luton,19,1,19.0
13/01/24,Chelsea,Fulham,1,0,H,1,0,H,A Taylor,17,14,3,4,13,9,6,4,5,1,0,0,1,13/01/24_Chelsea_Fulham,22,6,6.0
13/01/24,Newcastle,Man City,2,3,A,2,1,H,C Kavanagh,12,27,5,11,7,7,3,13,1,2,0,0,-1,13/01/24_Newcastle_Man City,14,3,7.0
14/01/24,Everton,Aston Villa,0,0,D,0,0,D,D Coote,10,16,2,5,13,14,4,5,1,4,0,0,0,14/01/24_Everton_Aston Villa,27,5,12.0
14/01/24,Man United,Tottenham,2,2,D,2,1,H,J Brooks,9,16,2,6,8,5,8,13,2,1,0,0,0,14/01/24_Man United_Tottenham,13,3,8.0
20/01/24,Arsenal,Crystal Palace,5,0,H,2,0,H,P Tierney,21,12,6,5,8,12,6,7,0,0,0,0,5,20/01/24_Arsenal_Crystal Palace,20,0,2.0
20/01/24,Brentford,Nott'm Forest,3,2,H,1,1,D,D England,11,12,5,3,10,14,6,4,1,3,0,0,1,20/01/24_Brentford_Nott'm Forest,24,4,16.0
21/01/24,Sheffield United,West Ham,2,2,D,1,1,D,M Salisbury,21,16,6,5,11,10,4,1,3,1,1,1,0,21/01/24_Sheffield United_West Ham,21,6,20.0
21/01/24,Bournemouth,Liverpool,0,4,A,0,0,D,A Madley,11,14,1,7,9,12,8,5,1,2,0,0,-4,21/01/24_Bournemouth_Liverpool,21,3,13.0
22/01/24,Brighton,Wolves,0,0,D,0,0,D,C Pawson,11,8,4,3,10,13,8,2,1,4,0,0,0,22/01/24_Brighton_Wolves,23,5,11.0
30/01/24,Nott'm Forest,Arsenal,1,2,A,0,0,D,S Hooper,9,19,3,3,6,7,2,11,0,1,0,0,-1,30/01/24_Nott'm Forest_Arsenal,13,1,17.0
30/01/24,Fulham,Everton,0,0,D,0,0,D,T Bramall,25,21,6,4,6,13,15,6,1,2,0,0,0,30/01/24_Fulham_Everton,19,3,14.0
30/01/24,Luton,Brighton,4,0,H,3,0,H,R Jones,18,9,8,2,13,14,7,4,2,2,0,0,4,30/01/24_Luton_Brighton,27,4,18.0
30/01/24,Crystal Palace,Sheffield United,3,2,H,2,2,D,T Harrington,12,9,4,5,8,18,11,1,1,4,0,0,1,30/01/24_Crystal Palace_Sheffield United,26,5,10.0
30/01/24,Aston Villa,Newcastle,1,3,A,0,2,A,J Brooks,12,14,6,5,14,12,8,7,4,1,0,0,-2,30/01/24_Aston Villa_Newcastle,26,5,4.0
31/01/24,Man City,Burnley,3,1,H,2,0,H,S Barrott,14,8,4,3,3,13,7,3,2,2,0,0,2,31/01/24_Man City_Burnley,16,4,1.0
31/01/24,Tottenham,Brentford,3,2,H,0,1,A,D Coote,19,9,5,5,13,15,5,3,2,3,0,0,1,31/01/24_Tottenham_Brentford,28,5,5.0
31/01/24,Liverpool,Chelsea,4,1,H,2,0,H,P Tierney,28,4,13,3,15,16,8,1,2,4,0,0,3,31/01/24_Liverpool_Chelsea,31,6,3.0
01/02/24,West Ham,Bournemouth,1,1,D,0,1,A,T Robinson,9,9,3,4,13,11,1,5,1,3,0,0,0,01/02/24_West Ham_Bournemouth,24,4,9.0
01/02/24,Wolves,Man United,3,4,A,0,2,A,J Gillett,16,21,7,8,10,10,4,5,2,5,0,0,-1,01/02/24_Wolves_Man United,20,7,15.0
03/02/24,Everton,Tottenham,2,2,D,1,2,A,M Oliver,14,9,5,6,8,14,9,5,3,0,0,0,0,03/02/24_Everton_Tottenham,22,3,12.0
03/02/24,Brighton,Crystal Palace,4,1,H,3,0,H,S Hooper,13,7,6,5,8,14,3,2,1,3,0,0,3,03/02/24_Brighton_Crystal Palace,22,4,11.0
03/02/24,Burnley,Fulham,2,2,D,0,2,A,D Bond,12,15,4,7,11,7,2,13,2,2,0,0,0,03/02/24_Burnley_Fulham,18,4,19.0
03/02/24,Newcastle,Luton,4,4,D,2,2,D,T Bramall,19,11,6,8,13,16,8,2,2,2,0,0,0,03/02/24_Newcastle_Luton,29,4,7.0
03/02/24,Sheffield United,Aston Villa,0,5,A,0,4,A,P Tierney,10,14,5,10,10,7,3,4,1,0,0,0,-5,03/02/24_Sheffield United_Aston Villa,17,1,20.0
04/02/24,Bournemouth,Nott'm Forest,1,1,D,1,1,D,R Welch,9,8,2,6,19,12,11,6,3,2,1,0,0,04/02/24_Bournemouth_Nott'm Forest,31,6,13.0
04/02/24,Chelsea,Wolves,2,4,A,1,2,A,T Robinson,15,14,6,7,15,11,10,1,3,2,0,0,-2,04/02/24_Chelsea_Wolves,26,5,6.0
04/02/24,Man United,West Ham,3,0,H,1,0,H,A Madley,12,22,5,3,10,5,5,8,0,1,0,0,3,04/02/24_Man United_West Ham,15,1,8.0
04/02/24,Arsenal,Liverpool,3,1,H,1,1,D,A Taylor,15,10,7,1,11,11,2,4,6,2,0,1,2,04/02/24_Arsenal_Liverpool,22,9,2.0
05/02/24,Brentford,Man City,1,3,A,1,1,D,J Gillett,9,25,3,15,2,4,8,13,1,0,0,0,-2,05/02/24_Brentford_Man City,6,1,16.0
10/02/24,Man City,Everton,2,0,H,0,0,D,J Brooks,19,5,3,1,6,11,9,0,0,2,0,0,2,10/02/24_Man City_Everton,17,2,1.0
10/02/24,Fulham,Bournemouth,3,1,H,2,0,H,D England,7,25,6,4,11,11,1,14,1,2,0,0,2,10/02/24_Fulham_Bournemouth,22,3,14.0
10/02/24,Liverpool,Burnley,3,1,H,1,1,D,T Robinson,25,9,10,4,11,13,9,3,3,2,0,0,2,10/02/24_Liverpool_Burnley,24,5,3.0
10/02/24,Luton,Sheffield United,1,3,A,0,2,A,C Kavanagh,20,7,5,3,7,12,13,1,1,2,0,0,-2,10/02/24_Luton_Sheffield United,19,3,18.0
10/02/24,Tottenham,Brighton,2,1,H,0,1,A,S Barrott,16,6,6,3,14,13,9,6,2,3,0,0,1,10/02/24_Tottenham_Brighton,27,5,5.0
10/02/24,Wolves,Brentford,0,2,A,0,1,A,S Hooper,17,9,5,6,11,9,7,4,2,3,0,0,-2,10/02/24_Wolves_Brentford,20,5,15.0
10/02/24,Nott'm Forest,Newcastle,2,3,A,2,2,D,A Taylor,13,7,3,5,9,6,4,4,1,2,0,0,-1,10/02/24_Nott'm Forest_Newcastle,15,3,17.0
11/02/24,West Ham,Arsenal,0,6,A,0,4,A,C Pawson,5,25,1,12,17,11,2,6,4,0,0,0,-6,11/02/24_West Ham_Arsenal,28,4,9.0
11/02/24,Aston Villa,Man United,1,2,A,0,1,A,R Jones,23,17,10,5,9,7,10,8,3,2,0,0,-1,11/02/24_Aston Villa_Man United,16,5,4.0
12/02/24,Crystal Palace,Chelsea,1,3,A,1,0,H,M Oliver,13,14,4,5,14,7,1,7,2,2,0,0,-2,12/02/24_Crystal Palace_Chelsea,21,4,10.0
17/02/24,Brentford,Liverpool,1,4,A,0,1,A,M Oliver,15,15,6,8,4,18,1,6,2,1,0,0,-3,17/02/24_Brentford_Liverpool,22,3,16.0
17/02/24,Burnley,Arsenal,0,5,A,0,2,A,J Gillett,8,16,0,7,11,8,4,6,2,1,0,0,-5,17/02/24_Burnley_Arsenal,19,3,19.0
17/02/24,Fulham,Aston Villa,1,2,A,0,1,A,L Smith,15,12,4,3,11,6,4,4,5,2,0,0,-1,17/02/24_Fulham_Aston Villa,17,7,14.0
17/02/24,Newcastle,Bournemouth,2,2,D,0,0,D,M Salisbury,17,12,5,7,9,22,4,2,1,3,0,0,0,17/02/24_Newcastle_Bournemouth,31,4,7.0
17/02/24,Nott'm Forest,West Ham,2,0,H,1,0,H,T Bramall,19,10,8,3,13,15,5,3,4,4,0,1,2,17/02/24_Nott'm Forest_West Ham,28,9,17.0
17/02/24,Tottenham,Wolves,1,2,A,0,1,A,A Taylor,15,12,4,7,8,13,10,4,0,1,0,0,-1,17/02/24_Tottenham_Wolves,21,1,5.0
17/02/24,Man City,Chelsea,1,1,D,0,1,A,A Madley,31,9,5,6,7,12,12,1,1,3,0,0,0,17/02/24_Man City_Chelsea,19,4,1.0
18/02/24,Sheffield United,Brighton,0,5,A,0,2,A,S Attwell,6,24,1,10,3,5,5,10,1,4,1,0,-5,18/02/24_Sheffield United_Brighton,8,6,20.0
18/02/24,Luton,Man United,1,2,A,1,2,A,D Coote,22,21,4,9,7,21,8,6,3,5,0,0,-1,18/02/24_Luton_Man United,28,8,18.0
19/02/24,Everton,Crystal Palace,1,1,D,0,0,D,P Tierney,19,10,4,4,8,12,3,6,0,2,0,0,0,19/02/24_Everton_Crystal Palace,20,2,12.0
20/02/24,Man City,Brentford,1,0,H,0,0,D,D England,25,6,11,2,12,6,10,1,2,4,0,0,1,20/02/24_Man City_Brentford,18,6,1.0
21/02/24,Liverpool,Luton,4,1,H,0,1,A,A Madley,29,12,13,3,15,14,13,4,1,4,0,0,3,21/02/24_Liverpool_Luton,29,5,3.0
24/02/24,Aston Villa,Nott'm Forest,4,2,H,3,1,H,S Barrott,16,10,6,3,7,16,7,2,1,2,0,0,2,24/02/24_Aston Villa_Nott'm Forest,23,3,4.0
24/02/24,Brighton,Everton,1,1,D,0,0,D,T Harrington,23,6,7,3,9,14,11,3,2,3,1,0,0,24/02/24_Brighton_Everton,23,6,11.0
24/02/24,Crystal Palace,Burnley,3,0,H,0,0,D,L Smith,15,2,6,0,8,13,12,3,3,1,0,1,3,24/02/24_Crystal Palace_Burnley,21,5,10.0
24/02/24,Man United,Fulham,1,2,A,0,0,D,M Oliver,21,17,9,5,6,11,10,9,2,5,0,0,-1,24/02/24_Man United_Fulham,17,7,8.0
24/02/24,Bournemouth,Man City,0,1,A,0,1,A,J Gillett,13,15,4,6,14,6,3,8,2,2,0,0,-1,24/02/24_Bournemouth_Man City,20,4,13.0
24/02/24,Arsenal,Newcastle,4,1,H,2,0,H,P Tierney,18,3,8,2,15,6,9,0,1,0,0,0,3,24/02/24_Arsenal_Newcastle,21,1,2.0
25/02/24,Wolves,Sheffield United,1,0,H,1,0,H,D Bond,13,12,2,4,8,4,5,6,2,1,0,0,1,25/02/24_Wolves_Sheffield United,12,3,15.0
26/02/24,West Ham,Brentford,4,2,H,2,1,H,S Hooper,17,14,6,8,5,9,1,7,1,2,0,0,2,26/02/24_West Ham_Brentford,14,3,9.0
02/03/24,Brentford,Chelsea,2,2,D,0,1,A,J Gillett,14,17,5,6,10,9,0,6,3,1,0,0,0,02/03/24_Brentford_Chelsea,19,4,16.0
02/03/24,Everton,West Ham,1,3,A,0,0,D,C Pawson,22,12,11,5,9,6,4,5,1,2,0,0,-2,02/03/24_Everton_West Ham,15,3,12.0
02/03/24,Fulham,Brighton,3,0,H,2,0,H,S Hooper,12,15,5,5,16,10,2,6,1,2,0,0,3,02/03/24_Fulham_Brighton,26,3,14.0
02/03/24,Newcastle,Wolves,3,0,H,2,0,H,T Robinson,14,12,7,3,8,11,3,5,0,1,0,0,3,02/03/24_Newcastle_Wolves,19,1,7.0
02/03/24,Nott'm Forest,Liverpool,0,1,A,0,0,D,P Tierney,8,22,2,2,11,12,3,12,2,2,0,0,-1,02/03/24_Nott'm Forest_Liverpool,23,4,17.0
02/03/24,Tottenham,Crystal Palace,3,1,H,0,0,D,J Brooks,14,4,6,1,7,16,11,1,1,2,0,0,2,02/03/24_Tottenham_Crystal Palace,23,3,5.0
02/03/24,Luton,Aston Villa,2,3,A,0,2,A,M Oliver,13,12,5,8,8,19,8,6,1,4,0,0,-1,02/03/24_Luton_Aston Villa,27,5,18.0
03/03/24,Burnley,Bournemouth,0,2,A,0,1,A,D Coote,20,10,6,3,8,13,7,2,2,4,0,0,-2,03/03/24_Burnley_Bournemouth,21,6,19.0
03/03/24,Man City,Man United,3,1,H,0,1,A,A Madley,27,3,8,1,5,10,15,2,0,1,0,0,2,03/03/24_Man City_Man United,15,1,1.0
04/03/24,Sheffield United,Arsenal,0,6,A,0,5,A,S Barrott,4,22,0,10,11,4,0,7,1,0,0,0,-6,04/03/24_Sheffield United_Arsenal,15,1,20.0
09/03/24,Man United,Everton,2,0,H,2,0,H,S Hooper,15,23,8,6,13,11,5,8,1,2,0,0,2,09/03/24_Man United_Everton,24,3,8.0
09/03/24,Bournemouth,Sheffield United,2,2,D,0,1,A,A Taylor,32,13,12,9,12,11,10,3,3,5,0,0,0,09/03/24_Bournemouth_Sheffield United,23,8,13.0
09/03/24,Crystal Palace,Luton,1,1,D,1,0,H,S Singh,21,8,4,2,20,11,8,6,2,3,0,0,0,09/03/24_Crystal Palace_Luton,31,5,10.0
09/03/24,Wolves,Fulham,2,1,H,0,0,D,T Harrington,8,23,3,6,7,11,3,4,2,2,0,0,1,09/03/24_Wolves_Fulham,18,4,15.0
09/03/24,Arsenal,Brentford,2,1,H,1,1,D,R Jones,17,9,6,4,9,10,10,4,2,4,0,0,1,09/03/24_Arsenal_Brentford,19,6,2.0
10/03/24,Aston Villa,Tottenham,0,4,A,0,0,D,C Kavanagh,10,9,1,5,11,15,6,4,0,2,1,0,-4,10/03/24_Aston Villa_Tottenham,26,3,4.0
10/03/24,Brighton,Nott'm Forest,1,0,H,1,0,H,M Salisbury,10,9,3,4,14,14,6,3,4,4,0,0,1,10/03/24_Brighton_Nott'm Forest,28,8,11.0
10/03/24,West Ham,Burnley,2,2,D,0,2,A,D England,22,11,4,4,11,18,4,4,2,4,0,0,0,10/03/24_West Ham_Burnley,29,6,9.0
10/03/24,Liverpool,Man City,1,1,D,0,1,A,M Oliver,19,10,6,6,6,10,7,4,0,3,0,0,0,10/03/24_Liverpool_Man City,16,3,3.0
11/03/24,Chelsea,Newcastle,3,2,H,1,1,D,J Brooks,12,11,8,3,12,7,0,4,3,1,0,0,1,11/03/24_Chelsea_Newcastle,19,4,6.0
13/03/24,Bournemouth,Luton,4,3,H,0,3,A,S Allison,24,8,10,4,16,11,11,3,1,2,0,0,1,13/03/24_Bournemouth_Luton,27,3,13.0
16/03/24,Burnley,Brentford,2,1,H,1,0,H,D Bond,17,9,6,5,14,17,5,4,2,4,0,1,1,16/03/24_Burnley_Brentford,31,7,19.0
16/03/24,Luton,Nott'm Forest,1,1,D,0,1,A,D England,10,16,4,6,10,17,6,7,1,2,0,0,0,16/03/24_Luton_Nott'm Forest,27,3,18.0
16/03/24,Fulham,Tottenham,3,0,H,1,0,H,R Jones,16,14,7,5,9,10,4,5,2,3,0,0,3,16/03/24_Fulham_Tottenham,19,5,14.0
17/03/24,West Ham,Aston Villa,1,1,D,1,0,H,J Gillett,13,13,5,5,13,12,7,11,3,3,0,0,0,17/03/24_West Ham_Aston Villa,25,6,9.0
30/03/24,Newcastle,West Ham,4,3,H,1,2,A,R Jones,24,10,9,4,9,8,3,4,1,1,1,0,1,30/03/24_Newcastle_West Ham,17,3,7.0
30/03/24,Bournemouth,Everton,2,1,H,0,0,D,S Barrott,11,7,4,3,14,11,9,8,1,2,0,0,1,30/03/24_Bournemouth_Everton,25,3,13.0
30/03/24,Chelsea,Burnley,2,2,D,1,0,H,D England,33,18,13,7,12,7,12,4,2,2,0,1,0,30/03/24_Chelsea_Burnley,19,5,6.0
30/03/24,Nott'm Forest,Crystal Palace,1,1,D,0,1,A,C Kavanagh,12,10,5,3,14,12,4,6,1,1,0,0,0,30/03/24_Nott'm Forest_Crystal Palace,26,2,17.0
30/03/24,Sheffield United,Fulham,3,3,D,0,0,D,T Robinson,8,24,4,9,10,13,2,15,4,1,0,0,0,30/03/24_Sheffield United_Fulham,23,5,20.0
30/03/24,Tottenham,Luton,2,1,H,0,1,A,J Gillett,17,7,4,3,16,14,3,6,2,4,0,0,1,30/03/24_Tottenham_Luton,30,6,5.0
30/03/24,Aston Villa,Wolves,2,0,H,1,0,H,P Tierney,11,13,5,3,11,19,5,4,3,4,0,0,2,30/03/24_Aston Villa_Wolves,30,7,4.0
30/03/24,Brentford,Man United,1,1,D,0,0,D,S Hooper,31,11,5,5,7,14,14,4,2,2,0,0,0,30/03/24_Brentford_Man United,21,4,16.0
31/03/24,Liverpool,Brighton,2,1,H,1,1,D,D Coote,30,9,8,3,20,6,8,4,5,3,0,0,1,31/03/24_Liverpool_Brighton,26,8,3.0
31/03/24,Man City,Arsenal,0,0,D,0,0,D,A Taylor,12,6,1,2,9,20,7,4,0,2,0,0,0,31/03/24_Man City_Arsenal,29,2,1.0
02/04/24,Newcastle,Everton,1,1,D,1,0,H,T Harrington,18,10,6,3,9,14,7,3,0,3,0,0,0,02/04/24_Newcastle_Everton,23,3,7.0
02/04/24,Nott'm Forest,Fulham,3,1,H,3,0,H,M Oliver,16,18,4,3,7,8,3,8,0,0,0,0,2,02/04/24_Nott'm Forest_Fulham,15,0,17.0
02/04/24,Bournemouth,Crystal Palace,1,0,H,0,0,D,G Scott,11,3,6,2,13,14,9,2,3,2,0,0,1,02/04/24_Bournemouth_Crystal Palace,27,5,13.0
02/04/24,Burnley,Wolves,1,1,D,1,1,D,T Bramall,13,8,6,2,10,12,7,4,0,2,0,0,0,02/04/24_Burnley_Wolves,22,2,19.0
02/04/24,West Ham,Tottenham,1,1,D,1,1,D,J Brooks,11,13,4,4,13,9,9,5,1,4,0,0,0,02/04/24_West Ham_Tottenham,22,5,9.0
03/04/24,Arsenal,Luton,2,0,H,2,0,H,C Pawson,13,5,4,1,12,8,3,1,1,1,0,0,2,03/04/24_Arsenal_Luton,20,2,2.0
03/04/24,Brentford,Brighton,0,0,D,0,0,D,A Madley,5,24,2,6,9,12,1,5,1,1,0,0,0,03/04/24_Brentford_Brighton,21,2,16.0
03/04/24,Man City,Aston Villa,4,1,H,2,1,H,D England,25,8,11,3,6,13,2,3,1,2,0,0,3,03/04/24_Man City_Aston Villa,19,3,1.0
04/04/24,Liverpool,Sheffield United,3,1,H,1,0,H,S Attwell,29,8,9,3,6,9,13,1,0,1,0,0,2,04/04/24_Liverpool_Sheffield United,15,1,3.0
04/04/24,Chelsea,Man United,4,3,H,2,2,D,J Gillett,28,19,10,5,7,15,12,3,3,0,0,0,1,04/04/24_Chelsea_Man United,22,3,6.0
06/04/24,Crystal Palace,Man City,2,4,A,1,1,D,P Tierney,7,18,4,8,13,3,2,9,1,1,0,0,-2,06/04/24_Crystal Palace_Man City,16,2,10.0
06/04/24,Aston Villa,Brentford,3,3,D,1,0,H,M Salisbury,11,8,3,3,15,11,11,3,2,2,0,0,0,06/04/24_Aston Villa_Brentford,26,4,4.0
06/04/24,Everton,Burnley,1,0,H,1,0,H,M Oliver,12,6,3,1,11,13,3,5,2,1,0,1,1,06/04/24_Everton_Burnley,24,4,12.0
06/04/24,Fulham,Newcastle,0,1,A,0,0,D,S Allison,14,12,4,5,10,13,14,3,1,2,0,0,-1,06/04/24_Fulham_Newcastle,23,3,14.0
06/04/24,Luton,Bournemouth,2,1,H,0,0,D,A Madley,19,8,9,1,7,14,7,2,0,0,0,0,1,06/04/24_Luton_Bournemouth,21,0,18.0
06/04/24,Wolves,West Ham,1,2,A,1,0,H,T Harrington,14,11,7,4,15,7,4,4,5,2,0,0,-1,06/04/24_Wolves_West Ham,22,7,15.0
06/04/24,Brighton,Arsenal,0,3,A,0,1,A,J Brooks,10,20,2,7,14,13,8,7,1,2,0,0,-3,06/04/24_Brighton_Arsenal,27,3,11.0
07/04/24,Man United,Liverpool,2,2,D,0,1,A,A Taylor,9,28,5,7,9,10,6,11,5,2,0,0,0,07/04/24_Man United_Liverpool,19,7,8.0
07/04/24,Sheffield United,Chelsea,2,2,D,1,1,D,R Jones,11,6,6,3,12,10,7,6,4,2,0,0,0,07/04/24_Sheffield United_Chelsea,22,6,20.0
07/04/24,Tottenham,Nott'm Forest,3,1,H,1,1,D,S Hooper,17,13,7,6,11,12,12,2,2,3,0,0,2,07/04/24_Tottenham_Nott'm Forest,23,5,5.0
13/04/24,Newcastle,Tottenham,4,0,H,2,0,H,T Robinson,18,11,5,2,14,12,16,3,0,4,0,0,4,13/04/24_Newcastle_Tottenham,26,4,7.0
13/04/24,Brentford,Sheffield United,2,0,H,0,0,D,S Barrott,9,8,5,2,8,11,3,6,3,1,0,0,2,13/04/24_Brentford_Sheffield United,19,4,16.0
13/04/24,Burnley,Brighton,1,1,D,0,0,D,S Hooper,11,20,3,8,18,8,4,5,1,2,0,0,0,13/04/24_Burnley_Brighton,26,3,19.0
13/04/24,Man City,Luton,5,1,H,1,0,H,J Brooks,33,4,13,2,7,6,12,1,1,0,0,0,4,13/04/24_Man City_Luton,13,1,1.0
13/04/24,Nott'm Forest,Wolves,2,2,D,1,1,D,C Pawson,18,11,9,4,15,10,10,1,2,3,0,0,0,13/04/24_Nott'm Forest_Wolves,25,5,17.0
13/04/24,Bournemouth,Man United,2,2,D,2,1,H,T Harrington,20,8,5,2,13,14,7,2,4,0,0,0,0,13/04/24_Bournemouth_Man United,27,4,13.0
14/04/24,Liverpool,Crystal Palace,0,1,A,0,1,A,C Kavanagh,21,8,6,5,10,10,11,1,1,1,0,0,-1,14/04/24_Liverpool_Crystal Palace,20,2,3.0
14/04/24,West Ham,Fulham,0,2,A,0,1,A,S Attwell,15,18,4,10,6,13,8,3,1,2,0,0,-2,14/04/24_West Ham_Fulham,19,3,9.0
14/04/24,Arsenal,Aston Villa,0,2,A,0,0,D,D Coote,18,11,4,2,12,7,4,6,3,1,0,0,-2,14/04/24_Arsenal_Aston Villa,19,4,2.0
15/04/24,Chelsea,Everton,6,0,H,4,0,H,P Tierney,14,10,10,2,5,21,4,8,1,4,0,0,6,15/04/24_Chelsea_Everton,26,5,6.0
20/04/24,Luton,Brentford,1,5,A,0,2,A,J Gillett,6,21,3,9,13,9,4,9,1,2,0,0,-4,20/04/24_Luton_Brentford,22,3,18.0
20/04/24,Sheffield United,Burnley,1,4,A,0,2,A,A Madley,18,16,11,9,10,9,11,2,1,0,0,0,-3,20/04/24_Sheffield United_Burnley,19,1,20.0
20/04/24,Wolves,Arsenal,0,2,A,0,1,A,P Tierney,5,24,3,9,14,9,1,2,3,2,0,0,-2,20/04/24_Wolves_Arsenal,23,5,15.0
21/04/24,Everton,Nott'm Forest,2,0,H,1,0,H,A Taylor,7,8,4,3,15,9,6,4,3,2,0,0,2,21/04/24_Everton_Nott'm Forest,24,5,12.0
21/04/24,Aston Villa,Bournemouth,3,1,H,1,1,D,T Robinson,14,14,4,6,8,14,8,4,1,3,0,0,2,21/04/24_Aston Villa_Bournemouth,22,4,4.0
21/04/24,Crystal Palace,West Ham,5,2,H,4,1,H,G Scott,18,4,7,1,9,9,4,0,3,2,0,0,3,21/04/24_Crystal Palace_West Ham,18,5,10.0
21/04/24,Fulham,Liverpool,1,3,A,1,1,D,C Pawson,12,14,5,7,5,11,1,4,3,0,0,0,-2,21/04/24_Fulham_Liverpool,16,3,14.0
23/04/24,Arsenal,Chelsea,5,0,H,1,0,H,S Hooper,27,7,10,1,12,11,4,2,2,2,0,0,5,23/04/24_Arsenal_Chelsea,23,4,2.0
24/04/24,Wolves,Bournemouth,0,1,A,0,1,A,S Attwell,15,21,4,6,10,17,8,12,4,1,0,1,-1,24/04/24_Wolves_Bournemouth,27,6,15.0
24/04/24,Crystal Palace,Newcastle,2,0,H,0,0,D,T Bramall,20,7,7,2,10,15,7,2,3,3,0,0,2,24/04/24_Crystal Palace_Newcastle,25,6,10.0
24/04/24,Everton,Liverpool,2,0,H,1,0,H,A Madley,16,23,6,7,6,13,4,13,0,3,0,0,2,24/04/24_Everton_Liverpool,19,3,12.0
24/04/24,Man United,Sheffield United,4,2,H,1,1,D,M Salisbury,25,10,13,4,7,9,9,4,0,1,0,0,2,24/04/24_Man United_Sheffield United,16,1,8.0
25/04/24,Brighton,Man City,0,4,A,0,3,A,J Gillett,7,14,3,6,10,3,4,4,2,0,0,0,-4,25/04/24_Brighton_Man City,13,2,11.0
27/04/24,West Ham,Liverpool,2,2,D,1,0,H,A Taylor,11,28,8,8,8,10,5,8,0,2,0,0,0,27/04/24_West Ham_Liverpool,18,2,9.0
27/04/24,Fulham,Crystal Palace,1,1,D,0,0,D,S Attwell,9,14,2,4,11,15,5,9,0,2,0,0,0,27/04/24_Fulham_Crystal Palace,26,2,14.0
27/04/24,Man United,Burnley,1,1,D,0,0,D,J Brooks,27,16,10,7,7,11,6,5,1,3,0,0,0,27/04/24_Man United_Burnley,18,4,8.0
27/04/24,Newcastle,Sheffield United,5,1,H,1,1,D,T Harrington,20,15,7,5,9,10,4,5,0,0,0,0,4,27/04/24_Newcastle_Sheffield United,19,0,7.0
27/04/24,Wolves,Luton,2,1,H,1,0,H,D Coote,13,9,5,6,14,14,4,4,3,1,0,0,1,27/04/24_Wolves_Luton,28,4,15.0
27/04/24,Everton,Brentford,1,0,H,0,0,D,D England,18,10,1,4,10,12,6,6,1,2,0,0,1,27/04/24_Everton_Brentford,22,3,12.0
27/04/24,Aston Villa,Chelsea,2,2,D,2,0,H,C Pawson,9,21,4,5,13,14,2,4,3,5,0,0,0,27/04/24_Aston Villa_Chelsea,27,8,4.0
28/04/24,Bournemouth,Brighton,3,0,H,1,0,H,P Tierney,15,13,6,1,14,10,8,2,2,2,0,0,3,28/04/24_Bournemouth_Brighton,24,4,13.0
28/04/24,Tottenham,Arsenal,2,3,A,0,3,A,M Oliver,14,9,2,3,12,16,8,6,2,1,0,0,-1,28/04/24_Tottenham_Arsenal,28,3,5.0
28/04/24,Nott'm Forest,Man City,0,2,A,0,1,A,S Hooper,14,11,2,5,8,6,4,5,0,0,0,0,-2,28/04/24_Nott'm Forest_Man City,14,0,17.0
02/05/24,Chelsea,Tottenham,2,0,H,1,0,H,R Jones,16,19,5,3,12,16,4,9,0,1,0,0,2,02/05/24_Chelsea_Tottenham,28,1,6.0
03/05/24,Luton,Everton,1,1,D,1,1,D,T Robinson,18,10,5,3,14,12,8,7,1,3,0,0,0,03/05/24_Luton_Everton,26,4,18.0
04/05/24,Arsenal,Bournemouth,3,0,H,1,0,H,D Coote,25,7,9,2,16,12,6,1,2,3,0,0,3,04/05/24_Arsenal_Bournemouth,28,5,2.0
04/05/24,Brentford,Fulham,0,0,D,0,0,D,G Scott,7,15,3,3,3,6,7,6,1,1,0,0,0,04/05/24_Brentford_Fulham,9,2,16.0
04/05/24,Burnley,Newcastle,1,4,A,0,3,A,A Taylor,17,23,5,11,8,8,4,11,2,2,0,0,-3,04/05/24_Burnley_Newcastle,16,4,19.0
04/05/24,Sheffield United,Nott'm Forest,1,3,A,1,1,D,C Kavanagh,17,15,5,4,9,7,5,3,0,1,1,0,-2,04/05/24_Sheffield United_Nott'm Forest,16,2,20.0
04/05/24,Man City,Wolves,5,1,H,3,0,H,C Pawson,20,2,12,1,4,17,6,0,0,4,0,0,4,04/05/24_Man City_Wolves,21,4,1.0
05/05/24,Brighton,Aston Villa,1,0,H,0,0,D,R Jones,15,2,8,1,13,10,7,3,2,1,0,0,1,05/05/24_Brighton_Aston Villa,23,3,11.0
05/05/24,Chelsea,West Ham,5,0,H,3,0,H,A Madley,25,13,14,2,12,10,8,6,1,3,0,0,5,05/05/24_Chelsea_West Ham,22,4,6.0
05/05/24,Liverpool,Tottenham,4,2,H,2,0,H,P Tierney,25,11,13,6,14,12,8,3,1,4,0,0,2,05/05/24_Liverpool_Tottenham,26,5,3.0
06/05/24,Crystal Palace,Man United,4,0,H,2,0,H,J Gillett ,18,7,10,2,12,8,6,3,1,1,0,0,4,06/05/24_Crystal Palace_Man United,20,2,10.0
11/05/24,Fulham,Man City,0,4,A,0,1,A,A Taylor,1,16,1,9,9,6,1,7,1,0,1,0,-4,11/05/24_Fulham_Man City,15,2,14.0
11/05/24,Bournemouth,Brentford,1,2,A,0,0,D,M Donohue,13,11,4,5,16,12,3,8,2,2,0,0,-1,11/05/24_Bournemouth_Brentford,28,4,13.0
11/05/24,Everton,Sheffield United,1,0,H,1,0,H,S Attwell,15,13,6,1,6,11,3,6,1,2,0,0,1,11/05/24_Everton_Sheffield United,17,3,12.0
11/05/24,Newcastle,Brighton,1,1,D,1,1,D,D England,18,15,7,4,9,16,8,4,3,4,0,0,0,11/05/24_Newcastle_Brighton,25,7,7.0
11/05/24,Tottenham,Burnley,2,1,H,1,1,D,J Gillett,21,7,9,3,10,14,9,3,3,5,0,0,1,11/05/24_Tottenham_Burnley,24,8,5.0
11/05/24,West Ham,Luton,3,1,H,0,1,A,M Oliver,24,4,8,1,9,15,7,6,1,3,0,0,2,11/05/24_West Ham_Luton,24,4,9.0
11/05/24,Wolves,Crystal Palace,1,3,A,0,2,A,T Bramall,13,13,7,3,13,12,8,3,3,2,0,1,-2,11/05/24_Wolves_Crystal Palace,25,6,15.0
11/05/24,Nott'm Forest,Chelsea,2,3,A,1,1,D,T Harrington,20,12,4,5,14,8,5,6,2,3,0,0,-1,11/05/24_Nott'm Forest_Chelsea,22,5,17.0
12/05/24,Man United,Arsenal,0,1,A,0,1,A,P Tierney,14,11,2,5,5,6,4,7,0,2,0,0,-1,12/05/24_Man United_Arsenal,11,2,8.0
13/05/24,Aston Villa,Liverpool,3,3,D,1,2,A,S Hooper,19,14,5,7,11,15,5,4,1,1,0,0,0,13/05/24_Aston Villa_Liverpool,26,2,4.0
14/05/24,Tottenham,Man City,0,2,A,0,0,D,C Kavanagh,10,8,5,5,14,11,7,4,3,3,0,0,-2,14/05/24_Tottenham_Man City,25,6,5.0
15/05/24,Brighton,Chelsea,1,2,A,0,1,A,M Salisbury,12,13,2,6,13,14,4,6,2,2,0,1,-1,15/05/24_Brighton_Chelsea,27,5,11.0
15/05/24,Man United,Newcastle,3,2,H,1,0,H,R Jones,17,21,8,8,16,7,9,9,3,3,0,0,1,15/05/24_Man United_Newcastle,23,6,8.0
19/05/24,Arsenal,Everton,2,1,H,1,1,D,M Oliver,26,5,5,2,8,11,8,1,4,3,0,0,1,19/05/24_Arsenal_Everton,19,7,2.0
19/05/24,Brentford,Newcastle,2,4,A,0,3,A,S Hooper,10,12,5,7,15,11,3,0,4,4,0,0,-2,19/05/24_Brentford_Newcastle,26,8,16.0
19/05/24,Brighton,Man United,0,2,A,0,0,D,C Pawson,17,11,3,4,10,9,7,5,1,3,0,0,-2,19/05/24_Brighton_Man United,19,4,11.0
19/05/24,Burnley,Nott'm Forest,1,2,A,0,2,A,G Scott,20,12,3,6,11,5,4,3,1,0,0,0,-1,19/05/24_Burnley_Nott'm Forest,16,1,19.0
19/05/24,Chelsea,Bournemouth,2,1,H,1,0,H,A Taylor,16,22,6,5,5,9,6,5,2,3,0,0,1,19/05/24_Chelsea_Bournemouth,14,5,6.0
19/05/24,Crystal Palace,Aston Villa,5,0,H,2,0,H,D Bond,15,8,9,2,10,8,2,4,1,4,0,0,5,19/05/24_Crystal Palace_Aston Villa,18,5,10.0
19/05/24,Liverpool,Wolves,2,0,H,2,0,H,C Kavanagh,36,4,14,3,14,11,10,2,1,1,0,1,2,19/05/24_Liverpool_Wolves,25,3,3.0
19/05/24,Luton,Fulham,2,4,A,1,2,A,M Donohue,15,15,6,7,15,20,4,4,5,4,0,0,-2,19/05/24_Luton_Fulham,35,9,18.0
19/05/24,Man City,West Ham,3,1,H,2,1,H,J Brooks,28,3,12,2,3,12,11,2,0,1,0,0,2,19/05/24_Man City_West Ham,15,1,1.0
19/05/24,Sheffield United,Tottenham,0,3,A,0,1,A,A Madley,6,18,1,9,11,9,2,6,2,0,0,0,-3,19/05/24_Sheffield United_Tottenham,20,2,20.0
